cycle,dem_margin,source
1998,-0.89,538 raw_polls.csv margin_actual (House-G-US)
2000,-0.34,538 raw_polls.csv margin_actual (House-G-US)
2002,-4.71,538 raw_polls.csv margin_actual (House-G-US)
2004,-2.57,538 raw_polls.csv margin_actual (House-G-US)
2006,7.89,538 raw_polls.csv margin_actual (House-G-US)
2008,10.55,538 raw_polls.csv margin_actual (House-G-US)
2010,-6.51,538 raw_polls.csv margin_actual (House-G-US)
2012,1.09,538 raw_polls.csv margin_actual (House-G-US)
2014,-5.62,538 raw_polls.csv margin_actual (House-G-US)
2016,-1.03,538 raw_polls.csv margin_actual (House-G-US)
2018,8.51,538 raw_polls.csv margin_actual (House-G-US)
2020,2.96,538 raw_polls.csv margin_actual (House-G-US)
2022,-2.64,538 raw_polls.csv margin_actual (House-G-US)
2024,-2.60,"Clerk of the House, Statistics of the Congressional Election of November 5, 2024 (D 47.2%, R 49.8%), via Wikipedia infobox"
