pollster,class,detail,source,checked
YouGov,PV,"Weighted on gender, age, race, education, region, 2024 presidential vote, 2020 turnout and vote, baseline party ID",https://yougov.com/en-us/articles/55649-democrats-big-lead-independents-lean-and-more-september-25-28-2026-economist-yougov-poll,2026-10-02
Morning Consult,PV,"Registered-voter targets on demographics and 2024 presidential vote choice",https://pro-assets.morningconsult.com/wp-uploads/2026/07/MCPI-PI-Weekly_260706.html,2026-10-02
Ipsos,PV,"KnowledgePanel; weighted on demographics, 2024 vote choice and party identification (June 2026)",https://www.ipsos.com/en-us/reutersipsos-june-2026-poll,2026-10-02
University of New Hampshire,PV,"Granite State Panel; demographics (ACS), NH party registration and 2024 NH election results",https://scholars.unh.edu/cgi/viewcontent.cgi?article=1973&context=survey_center_polls,2026-10-02
Change Research,PV,"Post-stratified on age, gender, race, education, 2024 presidential vote, region",https://changeresearch.com/research/2026/2026-09-28-florida-aapor-methodology-statement,2026-10-02
Marquette University Law School,PV,"Weighted to registered-voter demographics, the 2020 presidential result and partisanship (Feb 2026 statement)",https://law.marquette.edu/assets/community/poll/MLSP87/MLSP87Methodology.pdf,2026-10-02
Emerson College,PID,"Weighted on demographics, party registration/affiliation and region from voter-file data; no recalled-vote weighting stated",https://emersoncollegepolling.com/september-2026-national-poll-democrats/,2026-10-02
The New York Times/Siena University,PID,"Voter-file sample; weights from voter-file party and modeled turnout plus a modeled ('synthetic') past vote instead of recalled vote",https://ropercenter.cornell.edu/NYT_Upshot_Siena,2026-10-02
Echelon Insights,PID,"Verified-voter omnibus; weighted on demographics, party, past primary participation and prior turnout (2024 statement)",https://echeloninsights.com/insights/in-the-news/nov-2024-verified-voter-omnibus,2026-10-02
Quantus Insights,PID,"Raked on gender, age, race, education and partisan identity (2024 statement)",https://quantus.substack.com/p/2024-presidential-election-survey,2026-10-02
Beacon Research/Shaw & Co. Research,DEMO,"Fox News Poll: voter-file sample; minor weights on age, race, education, area; explicitly not weighted by party",https://www.foxnews.com/fox-news-poll-methodology-statement,2026-10-02
