race_id,p_dside,mu,m_q10,m_q90,run_id,as_of
2026-sen-FL-S,0.1544,-5.478321687139836,-12.55884101936092,1.5212635569231296,2026-10-02-e41470d,2026-10-02
2026-sen-OH-S,0.54194,0.5370222232016633,-6.250916070061395,7.378008073063701,2026-10-02-e41470d,2026-10-02
2026-sen-AL,0.01618,-14.166774349269733,-22.06311786118035,-6.412762178416825,2026-10-02-e41470d,2026-10-02
2026-sen-AK,0.37722,-1.6412827175528149,-8.667280326854401,5.355394087819948,2026-10-02-e41470d,2026-10-02
2026-sen-AR,0.00532,-18.600832134475695,-26.44782699877584,-10.65049316755814,2026-10-02-e41470d,2026-10-02
2026-sen-CO,0.98642,25.530734535556235,12.675114913485087,38.30241473033845,2026-10-02-e41470d,2026-10-02
2026-sen-DE,0.99218,28.858889817012134,16.480916155773993,41.18150179216423,2026-10-02-e41470d,2026-10-02
2026-sen-GA,0.94216,9.567615900762586,2.0269974552802705,17.004175847027575,2026-10-02-e41470d,2026-10-02
2026-sen-ID,0.02142,-13.613911996785346,-21.56624661106346,-5.7155035819000926,2026-10-02-e41470d,2026-10-02
2026-sen-IL,0.95898,17.81033473834252,5.484581429251878,30.09008699938964,2026-10-02-e41470d,2026-10-02
2026-sen-IA,0.56578,0.9008916754915844,-6.102747783566676,7.889563592366525,2026-10-02-e41470d,2026-10-02
2026-sen-KS,0.37436,-1.6711316861139611,-8.734845099029679,5.449733053536971,2026-10-02-e41470d,2026-10-02
2026-sen-KY,0.06222,-15.49036022134204,-28.196495112371466,-2.908890802541136,2026-10-02-e41470d,2026-10-02
2026-sen-LA,0.17554,-8.935410699099883,-21.74014869986139,3.860561628160343,2026-10-02-e41470d,2026-10-02
2026-sen-ME,0.66982,2.359198360950897,-4.750185948836205,9.484810781630902,2026-10-02-e41470d,2026-10-02
2026-sen-MA,0.99922,26.402344432356784,18.817413571233356,33.971358331497626,2026-10-02-e41470d,2026-10-02
2026-sen-MI,0.7523,3.475543881681406,-3.186394534945887,10.21225204844747,2026-10-02-e41470d,2026-10-02
2026-sen-MN,0.73412,3.3018467864513896,-3.7750103614292665,10.451868378294442,2026-10-02-e41470d,2026-10-02
2026-sen-MS,0.0455,-11.592468157524353,-19.983846233233365,-3.0923462290936827,2026-10-02-e41470d,2026-10-02
2026-sen-MT,0.00808,-15.802405923014348,-23.199295285390004,-8.408688181414213,2026-10-02-e41470d,2026-10-02
2026-sen-NE,0.1137,-7.004503573776342,-14.495379053257412,0.5153355805715861,2026-10-02-e41470d,2026-10-02
2026-sen-NH,0.91464,7.536557529356321,0.5572581801913878,14.6195403859052,2026-10-02-e41470d,2026-10-02
2026-sen-NJ,0.98188,23.00248489948848,10.339906289257366,35.47683649580193,2026-10-02-e41470d,2026-10-02
2026-sen-NM,0.97844,16.25017510101287,6.621652789521036,25.887613936906185,2026-10-02-e41470d,2026-10-02
2026-sen-NC,0.92534,7.656070291080674,0.9533068287225779,14.33090050106781,2026-10-02-e41470d,2026-10-02
2026-sen-OK,0.03282,-19.14202959859863,-31.59493285157661,-6.852704571445632,2026-10-02-e41470d,2026-10-02
2026-sen-OR,0.99088,28.049116961741348,15.553171696606219,40.51081217088946,2026-10-02-e41470d,2026-10-02
2026-sen-RI,0.9977,22.417977471428287,14.793830468581495,30.035331883497033,2026-10-02-e41470d,2026-10-02
2026-sen-SC,0.21458,-4.261041698725752,-11.40031209354757,2.849522596637244,2026-10-02-e41470d,2026-10-02
2026-sen-SD,0.0179,-23.11564493060279,-35.60907425495303,-10.694615879349234,2026-10-02-e41470d,2026-10-02
2026-sen-TN,0.00344,-19.959685074819745,-27.584228217735802,-12.348715898147466,2026-10-02-e41470d,2026-10-02
2026-sen-TX,0.56154,0.9042007449851249,-6.864651840671545,8.673517234675796,2026-10-02-e41470d,2026-10-02
2026-sen-VA,0.99274,16.347904392840793,9.05941091814486,23.646765372032846,2026-10-02-e41470d,2026-10-02
2026-sen-WV,0.00508,-33.22821866378992,-46.32602403452445,-20.163155622732848,2026-10-02-e41470d,2026-10-02
2026-sen-WY,0.00886,-27.795981975949292,-40.232251400726106,-15.252705086981484,2026-10-02-e41470d,2026-10-02
2026-gov-AL,0.14744,-6.529029421038053,-14.746933886057358,1.625421765705883,2026-10-02-e41470d,2026-10-02
2026-gov-AK,0.92124,8.402133263983556,0.8992448524196882,15.948008727558209,2026-10-02-e41470d,2026-10-02
2026-gov-AZ,0.90566,7.557377640098243,0.2069120862489312,14.988551931247892,2026-10-02-e41470d,2026-10-02
2026-gov-AR,0.03916,-24.27587561705133,-40.74687651917705,-7.672112410901589,2026-10-02-e41470d,2026-10-02
2026-gov-CA,0.99382,19.01600787932824,10.678780450663403,27.3344856138626,2026-10-02-e41470d,2026-10-02
2026-gov-CO,0.71898,7.257857709052642,-9.573262759800718,23.972288589627986,2026-10-02-e41470d,2026-10-02
2026-gov-CT,0.9914,16.77463807323023,9.056935420878478,24.404695837834637,2026-10-02-e41470d,2026-10-02
2026-gov-FL,0.34832,-2.0933417692573064,-9.381004378669125,5.1709118611197455,2026-10-02-e41470d,2026-10-02
2026-gov-GA,0.37902,-1.7707499536262234,-9.447485912482808,5.902077873948067,2026-10-02-e41470d,2026-10-02
2026-gov-HI,0.96736,26.253178753203628,9.551229022386229,43.09360070592974,2026-10-02-e41470d,2026-10-02
2026-gov-ID,0.02992,-26.38260088519391,-42.92450957860035,-10.041329507943903,2026-10-02-e41470d,2026-10-02
2026-gov-IL,0.9954,19.59982926128525,11.93446887183584,27.193854705911075,2026-10-02-e41470d,2026-10-02
2026-gov-IA,0.8861,6.706558148565915,-0.44768626538658135,13.895103602981056,2026-10-02-e41470d,2026-10-02
2026-gov-KS,0.15656,-5.676736181157162,-13.028083366499393,1.6964714365910725,2026-10-02-e41470d,2026-10-02
2026-gov-ME,0.9668,11.106941028242893,3.751899587332423,18.509105046820817,2026-10-02-e41470d,2026-10-02
2026-gov-MD,0.99746,24.230261493193442,15.452121806684396,32.93752350876551,2026-10-02-e41470d,2026-10-02
2026-gov-MA,0.99646,20.817483529927635,12.852416578051152,28.735129716256637,2026-10-02-e41470d,2026-10-02
2026-gov-MI,0.89894,6.825575936485735,-0.04555622932665487,13.698659437937172,2026-10-02-e41470d,2026-10-02
2026-gov-MN,0.75944,4.128497376309528,-3.655069770760842,11.967411104798632,2026-10-02-e41470d,2026-10-02
2026-gov-NE,0.06702,-9.416367582745668,-17.121616427842298,-1.508619579111581,2026-10-02-e41470d,2026-10-02
2026-gov-NV,0.52118,0.23120740185065314,-8.00049862381602,8.588120419919772,2026-10-02-e41470d,2026-10-02
2026-gov-NH,0.05396,-9.64573923046437,-17.02148256525895,-2.22015203575163,2026-10-02-e41470d,2026-10-02
2026-gov-NM,0.9654,14.486426344465432,4.759957732551144,24.32048149287932,2026-10-02-e41470d,2026-10-02
2026-gov-NY,0.99158,16.853749094841707,9.0627537833366,24.619485341452368,2026-10-02-e41470d,2026-10-02
2026-gov-OH,0.6037,1.3970841314215636,-5.76178441333621,8.567959690242063,2026-10-02-e41470d,2026-10-02
2026-gov-OK,0.15478,-12.701630788528634,-29.132150288411374,3.753599963434657,2026-10-02-e41470d,2026-10-02
2026-gov-OR,0.60656,1.6772432773651804,-6.539362855162034,9.781514401443884,2026-10-02-e41470d,2026-10-02
2026-gov-PA,0.99784,21.165558587846704,14.062584611001936,28.206347644995166,2026-10-02-e41470d,2026-10-02
2026-gov-RI,0.7682,8.989632435184415,-7.420566755175508,25.676334406771627,2026-10-02-e41470d,2026-10-02
2026-gov-SC,0.06168,-10.019269371944299,-18.258396561233887,-1.9093171519778696,2026-10-02-e41470d,2026-10-02
2026-gov-SD,0.04368,-23.64242017711892,-40.28493697015013,-7.140423004237091,2026-10-02-e41470d,2026-10-02
2026-gov-TN,0.02252,-12.752011932406683,-20.26275236341116,-5.241959652986796,2026-10-02-e41470d,2026-10-02
2026-gov-TX,0.17476,-5.751731040320279,-13.727179782100329,2.2760860000309555,2026-10-02-e41470d,2026-10-02
2026-gov-VT,0.79888,5.312797077203456,-3.1462653621130974,13.625870528207003,2026-10-02-e41470d,2026-10-02
2026-gov-WI,0.7085,3.047583734146276,-4.30748247908851,10.428782293693338,2026-10-02-e41470d,2026-10-02
2026-gov-WY,0.0889,-17.460978687746966,-33.99112864126785,-1.0186508831345815,2026-10-02-e41470d,2026-10-02
