as_of,run_id,sen_p_rep,sen_p_dem,sen_dem_seats,gov_dem_mean,generic,house_p_dem,house_dem_seats
2026-10-02,2026-10-02-51cb4fe,0.39702,0.59682,51.17652,26.78334,7.912336151948343,0.77432,228.12366
2026-10-03,2026-10-03-0bcd2af,0.4376,0.55552,50.83924,26.08922,8.018765188281666,0.79596,227.99288
2026-10-04,2026-10-04-0ef4098,0.43702,0.55518,50.83706,26.10186,8.01351564312143,0.79744,228.0448
2026-10-05,2026-10-05-521cec5,0.44534,0.54778,50.79868,26.01482,8.01170428735237,0.7952,227.78984
2026-10-06,2026-10-06-fef162f,0.43826,0.55478,50.83724,25.94982,8.036127934974264,0.78872,227.71856
2026-10-07,2026-10-07-ed2d425,0.43968,0.5533,50.83988,25.93248,8.02686950159325,0.78984,227.6473
2026-10-08,2026-10-08-22bd188,0.44982,0.5425,50.78398,26.23504,8.106288252816544,0.80288,228.03226
2026-10-09,2026-10-09-b94be02,0.44866,0.5435,50.77888,26.1881,8.114235283141582,0.80438,227.98712
2026-10-10,2026-10-10-c351d09,0.46222,0.53118,50.67874,26.09358,7.853081374816263,0.8082,228.1696
2026-10-11,2026-10-11-3d87acd,0.46178,0.5307,50.6962,26.10272,7.8482974279795155,0.80586,228.13622
