race_id,rater,rating,rating_date,fetched
2026-sen-AL,Cook Political Report,Solid R,"Sep 23, 2026",2026-10-02
2026-sen-AL,Inside Elections,Solid R,"Oct 1, 2026",2026-10-02
2026-sen-AL,Sabato's Crystal Ball,Safe R,"Sep 22, 2026",2026-10-02
2026-sen-AK,Cook Political Report,Tossup,"Sep 23, 2026",2026-10-02
2026-sen-AK,Inside Elections,Tossup,"Oct 1, 2026",2026-10-02
2026-sen-AK,Sabato's Crystal Ball,Tossup,"Sep 22, 2026",2026-10-02
2026-sen-AR,Cook Political Report,Solid R,"Sep 23, 2026",2026-10-02
2026-sen-AR,Inside Elections,Solid R,"Oct 1, 2026",2026-10-02
2026-sen-AR,Sabato's Crystal Ball,Safe R,"Sep 22, 2026",2026-10-02
2026-sen-CO,Cook Political Report,Solid D,"Sep 23, 2026",2026-10-02
2026-sen-CO,Inside Elections,Solid D,"Oct 1, 2026",2026-10-02
2026-sen-CO,Sabato's Crystal Ball,Safe D,"Sep 22, 2026",2026-10-02
2026-sen-DE,Cook Political Report,Solid D,"Sep 23, 2026",2026-10-02
2026-sen-DE,Inside Elections,Solid D,"Oct 1, 2026",2026-10-02
2026-sen-DE,Sabato's Crystal Ball,Safe D,"Sep 22, 2026",2026-10-02
2026-sen-FL-S,Cook Political Report,Solid R,"Sep 23, 2026",2026-10-02
2026-sen-FL-S,Inside Elections,Solid R,"Oct 1, 2026",2026-10-02
2026-sen-FL-S,Sabato's Crystal Ball,Safe R,"Sep 22, 2026",2026-10-02
2026-sen-GA,Cook Political Report,Likely D,"Sep 23, 2026",2026-10-02
2026-sen-GA,Inside Elections,Lean D,"Oct 1, 2026",2026-10-02
2026-sen-GA,Sabato's Crystal Ball,Likely D,"Sep 22, 2026",2026-10-02
2026-sen-ID,Cook Political Report,Solid R,"Sep 23, 2026",2026-10-02
2026-sen-ID,Inside Elections,Solid R,"Oct 1, 2026",2026-10-02
2026-sen-ID,Sabato's Crystal Ball,Safe R,"Sep 22, 2026",2026-10-02
2026-sen-IL,Cook Political Report,Solid D,"Sep 23, 2026",2026-10-02
2026-sen-IL,Inside Elections,Solid D,"Oct 1, 2026",2026-10-02
2026-sen-IL,Sabato's Crystal Ball,Safe D,"Sep 22, 2026",2026-10-02
2026-sen-IA,Cook Political Report,Tossup,"Sep 23, 2026",2026-10-02
2026-sen-IA,Inside Elections,Tilt R,"Oct 1, 2026",2026-10-02
2026-sen-IA,Sabato's Crystal Ball,Tossup,"Sep 22, 2026",2026-10-02
2026-sen-KS,Cook Political Report,Lean R,"Sep 23, 2026",2026-10-02
2026-sen-KS,Inside Elections,Likely R,"Oct 1, 2026",2026-10-02
2026-sen-KS,Sabato's Crystal Ball,Lean R,"Sep 22, 2026",2026-10-02
2026-sen-KY,Cook Political Report,Solid R,"Sep 23, 2026",2026-10-02
2026-sen-KY,Inside Elections,Solid R,"Oct 1, 2026",2026-10-02
2026-sen-KY,Sabato's Crystal Ball,Safe R,"Sep 22, 2026",2026-10-02
2026-sen-LA,Cook Political Report,Solid R,"Sep 23, 2026",2026-10-02
2026-sen-LA,Inside Elections,Solid R,"Oct 1, 2026",2026-10-02
2026-sen-LA,Sabato's Crystal Ball,Safe R,"Sep 22, 2026",2026-10-02
2026-sen-ME,Cook Political Report,Tossup,"Sep 23, 2026",2026-10-02
2026-sen-ME,Inside Elections,Tossup,"Oct 1, 2026",2026-10-02
2026-sen-ME,Sabato's Crystal Ball,Tossup,"Sep 22, 2026",2026-10-02
2026-sen-MA,Cook Political Report,Solid D,"Sep 23, 2026",2026-10-02
2026-sen-MA,Inside Elections,Solid D,"Oct 1, 2026",2026-10-02
2026-sen-MA,Sabato's Crystal Ball,Safe D,"Sep 22, 2026",2026-10-02
2026-sen-MI,Cook Political Report,Tossup,"Sep 23, 2026",2026-10-02
2026-sen-MI,Inside Elections,Tilt D,"Oct 1, 2026",2026-10-02
2026-sen-MI,Sabato's Crystal Ball,Lean D,"Sep 22, 2026",2026-10-02
2026-sen-MN,Cook Political Report,Likely D,"Sep 23, 2026",2026-10-02
2026-sen-MN,Inside Elections,Lean D,"Oct 1, 2026",2026-10-02
2026-sen-MN,Sabato's Crystal Ball,Likely D,"Sep 22, 2026",2026-10-02
2026-sen-MS,Cook Political Report,Solid R,"Sep 23, 2026",2026-10-02
2026-sen-MS,Inside Elections,Solid R,"Oct 1, 2026",2026-10-02
2026-sen-MS,Sabato's Crystal Ball,Safe R,"Sep 22, 2026",2026-10-02
2026-sen-MT,Cook Political Report,Solid R,"Sep 23, 2026",2026-10-02
2026-sen-MT,Inside Elections,Solid R,"Oct 1, 2026",2026-10-02
2026-sen-MT,Sabato's Crystal Ball,Safe R,"Sep 22, 2026",2026-10-02
2026-sen-NE,Cook Political Report,Likely R,"Sep 23, 2026",2026-10-02
2026-sen-NE,Inside Elections,Lean R,"Oct 1, 2026",2026-10-02
2026-sen-NE,Sabato's Crystal Ball,Likely R,"Sep 22, 2026",2026-10-02
2026-sen-NH,Cook Political Report,Tossup,"Sep 23, 2026",2026-10-02
2026-sen-NH,Inside Elections,Tossup,"Oct 1, 2026",2026-10-02
2026-sen-NH,Sabato's Crystal Ball,Lean D,"Sep 22, 2026",2026-10-02
2026-sen-NJ,Cook Political Report,Solid D,"Sep 23, 2026",2026-10-02
2026-sen-NJ,Inside Elections,Solid D,"Oct 1, 2026",2026-10-02
2026-sen-NJ,Sabato's Crystal Ball,Safe D,"Sep 22, 2026",2026-10-02
2026-sen-NM,Cook Political Report,Solid D,"Sep 23, 2026",2026-10-02
2026-sen-NM,Inside Elections,Solid D,"Oct 1, 2026",2026-10-02
2026-sen-NM,Sabato's Crystal Ball,Safe D,"Sep 22, 2026",2026-10-02
2026-sen-NC,Cook Political Report,Lean D (flip),"Sep 23, 2026",2026-10-02
2026-sen-NC,Inside Elections,Lean D (flip),"Oct 1, 2026",2026-10-02
2026-sen-NC,Sabato's Crystal Ball,Lean D (flip),"Sep 22, 2026",2026-10-02
2026-sen-OH-S,Cook Political Report,Tossup,"Sep 23, 2026",2026-10-02
2026-sen-OH-S,Inside Elections,Tossup,"Oct 1, 2026",2026-10-02
2026-sen-OH-S,Sabato's Crystal Ball,Tossup,"Sep 22, 2026",2026-10-02
2026-sen-OK,Cook Political Report,Solid R,"Sep 23, 2026",2026-10-02
2026-sen-OK,Inside Elections,Solid R,"Oct 1, 2026",2026-10-02
2026-sen-OK,Sabato's Crystal Ball,Safe R,"Sep 22, 2026",2026-10-02
2026-sen-OR,Cook Political Report,Solid D,"Sep 23, 2026",2026-10-02
2026-sen-OR,Inside Elections,Solid D,"Oct 1, 2026",2026-10-02
2026-sen-OR,Sabato's Crystal Ball,Safe D,"Sep 22, 2026",2026-10-02
2026-sen-RI,Cook Political Report,Solid D,"Sep 23, 2026",2026-10-02
2026-sen-RI,Inside Elections,Solid D,"Oct 1, 2026",2026-10-02
2026-sen-RI,Sabato's Crystal Ball,Safe D,"Sep 22, 2026",2026-10-02
2026-sen-SC,Cook Political Report,Likely R,"Sep 23, 2026",2026-10-02
2026-sen-SC,Inside Elections,Likely R,"Oct 1, 2026",2026-10-02
2026-sen-SC,Sabato's Crystal Ball,Safe R,"Sep 22, 2026",2026-10-02
2026-sen-SD,Cook Political Report,Solid R,"Sep 23, 2026",2026-10-02
2026-sen-SD,Inside Elections,Solid R,"Oct 1, 2026",2026-10-02
2026-sen-SD,Sabato's Crystal Ball,Safe R,"Sep 22, 2026",2026-10-02
2026-sen-TN,Cook Political Report,Solid R,"Sep 23, 2026",2026-10-02
2026-sen-TN,Inside Elections,Solid R,"Oct 1, 2026",2026-10-02
2026-sen-TN,Sabato's Crystal Ball,Safe R,"Sep 22, 2026",2026-10-02
2026-sen-TX,Cook Political Report,Tossup,"Sep 23, 2026",2026-10-02
2026-sen-TX,Inside Elections,Tilt R,"Oct 1, 2026",2026-10-02
2026-sen-TX,Sabato's Crystal Ball,Tossup,"Sep 22, 2026",2026-10-02
2026-sen-VA,Cook Political Report,Solid D,"Sep 23, 2026",2026-10-02
2026-sen-VA,Inside Elections,Solid D,"Oct 1, 2026",2026-10-02
2026-sen-VA,Sabato's Crystal Ball,Safe D,"Sep 22, 2026",2026-10-02
2026-sen-WV,Cook Political Report,Solid R,"Sep 23, 2026",2026-10-02
2026-sen-WV,Inside Elections,Solid R,"Oct 1, 2026",2026-10-02
2026-sen-WV,Sabato's Crystal Ball,Safe R,"Sep 22, 2026",2026-10-02
2026-sen-WY,Cook Political Report,Solid R,"Sep 23, 2026",2026-10-02
2026-sen-WY,Inside Elections,Solid R,"Oct 1, 2026",2026-10-02
2026-sen-WY,Sabato's Crystal Ball,Safe R,"Sep 22, 2026",2026-10-02
2026-gov-AL,Cook Political Report,Solid R,"Oct. 1, 2026",2026-10-02
2026-gov-AL,Inside Elections,Solid R,"Oct. 1, 2026",2026-10-02
2026-gov-AL,Sabato's Crystal Ball,Safe R,"Sep. 29, 2026",2026-10-02
2026-gov-AK,Cook Political Report,Tossup,"Oct. 1, 2026",2026-10-02
2026-gov-AK,Inside Elections,Tossup,"Oct. 1, 2026",2026-10-02
2026-gov-AK,Sabato's Crystal Ball,Tossup,"Sep. 29, 2026",2026-10-02
2026-gov-AZ,Cook Political Report,Lean D,"Oct. 1, 2026",2026-10-02
2026-gov-AZ,Inside Elections,Tilt D,"Oct. 1, 2026",2026-10-02
2026-gov-AZ,Sabato's Crystal Ball,Lean D,"Sep. 29, 2026",2026-10-02
2026-gov-AR,Cook Political Report,Solid R,"Oct. 1, 2026",2026-10-02
2026-gov-AR,Inside Elections,Solid R,"Oct. 1, 2026",2026-10-02
2026-gov-AR,Sabato's Crystal Ball,Safe R,"Sep. 29, 2026",2026-10-02
2026-gov-CA,Cook Political Report,Solid D,"Oct. 1, 2026",2026-10-02
2026-gov-CA,Inside Elections,Solid D,"Oct. 1, 2026",2026-10-02
2026-gov-CA,Sabato's Crystal Ball,Safe D,"Sep. 29, 2026",2026-10-02
2026-gov-CO,Cook Political Report,Solid D,"Oct. 1, 2026",2026-10-02
2026-gov-CO,Inside Elections,Solid D,"Oct. 1, 2026",2026-10-02
2026-gov-CO,Sabato's Crystal Ball,Safe D,"Sep. 29, 2026",2026-10-02
2026-gov-CT,Cook Political Report,Solid D,"Oct. 1, 2026",2026-10-02
2026-gov-CT,Inside Elections,Solid D,"Oct. 1, 2026",2026-10-02
2026-gov-CT,Sabato's Crystal Ball,Safe D,"Sep. 29, 2026",2026-10-02
2026-gov-FL,Cook Political Report,Lean R,"Oct. 1, 2026",2026-10-02
2026-gov-FL,Inside Elections,Lean R,"Oct. 1, 2026",2026-10-02
2026-gov-FL,Sabato's Crystal Ball,Lean R,"Sep. 29, 2026",2026-10-02
2026-gov-GA,Cook Political Report,Tossup,"Oct. 1, 2026",2026-10-02
2026-gov-GA,Inside Elections,Tossup,"Oct. 1, 2026",2026-10-02
2026-gov-GA,Sabato's Crystal Ball,Tossup,"Sep. 29, 2026",2026-10-02
2026-gov-HI,Cook Political Report,Solid D,"Oct. 1, 2026",2026-10-02
2026-gov-HI,Inside Elections,Solid D,"Oct. 1, 2026",2026-10-02
2026-gov-HI,Sabato's Crystal Ball,Safe D,"Sep. 29, 2026",2026-10-02
2026-gov-ID,Cook Political Report,Solid R,"Oct. 1, 2026",2026-10-02
2026-gov-ID,Inside Elections,Solid R,"Oct. 1, 2026",2026-10-02
2026-gov-ID,Sabato's Crystal Ball,Safe R,"Sep. 29, 2026",2026-10-02
2026-gov-IL,Cook Political Report,Solid D,"Oct. 1, 2026",2026-10-02
2026-gov-IL,Inside Elections,Solid D,"Oct. 1, 2026",2026-10-02
2026-gov-IL,Sabato's Crystal Ball,Safe D,"Sep. 29, 2026",2026-10-02
2026-gov-IA,Cook Political Report,Lean D (flip),"Oct. 1, 2026",2026-10-02
2026-gov-IA,Inside Elections,Tilt D (flip),"Oct. 1, 2026",2026-10-02
2026-gov-IA,Sabato's Crystal Ball,Lean D (flip),"Sep. 29, 2026",2026-10-02
2026-gov-KS,Cook Political Report,Lean R (flip),"Oct. 1, 2026",2026-10-02
2026-gov-KS,Inside Elections,Tilt R (flip),"Oct. 1, 2026",2026-10-02
2026-gov-KS,Sabato's Crystal Ball,Lean R (flip),"Sep. 29, 2026",2026-10-02
2026-gov-ME,Cook Political Report,Solid D,"Oct. 1, 2026",2026-10-02
2026-gov-ME,Inside Elections,Solid D,"Oct. 1, 2026",2026-10-02
2026-gov-ME,Sabato's Crystal Ball,Likely D,"Sep. 29, 2026",2026-10-02
2026-gov-MD,Cook Political Report,Solid D,"Oct. 1, 2026",2026-10-02
2026-gov-MD,Inside Elections,Solid D,"Oct. 1, 2026",2026-10-02
2026-gov-MD,Sabato's Crystal Ball,Safe D,"Sep. 29, 2026",2026-10-02
2026-gov-MA,Cook Political Report,Solid D,"Oct. 1, 2026",2026-10-02
2026-gov-MA,Inside Elections,Solid D,"Oct. 1, 2026",2026-10-02
2026-gov-MA,Sabato's Crystal Ball,Safe D,"Sep. 29, 2026",2026-10-02
2026-gov-MI,Cook Political Report,Lean D,"Oct. 1, 2026",2026-10-02
2026-gov-MI,Inside Elections,Tilt D,"Oct. 1, 2026",2026-10-02
2026-gov-MI,Sabato's Crystal Ball,Lean D,"Sep. 29, 2026",2026-10-02
2026-gov-MN,Cook Political Report,Solid D,"Oct. 1, 2026",2026-10-02
2026-gov-MN,Inside Elections,Likely D,"Oct. 1, 2026",2026-10-02
2026-gov-MN,Sabato's Crystal Ball,Safe D,"Sep. 29, 2026",2026-10-02
2026-gov-NE,Cook Political Report,Solid R,"Oct. 1, 2026",2026-10-02
2026-gov-NE,Inside Elections,Solid R,"Oct. 1, 2026",2026-10-02
2026-gov-NE,Sabato's Crystal Ball,Likely R,"Sep. 29, 2026",2026-10-02
2026-gov-NV,Cook Political Report,Tossup,"Oct. 1, 2026",2026-10-02
2026-gov-NV,Inside Elections,Tilt R,"Oct. 1, 2026",2026-10-02
2026-gov-NV,Sabato's Crystal Ball,Tossup,"Sep. 29, 2026",2026-10-02
2026-gov-NH,Cook Political Report,Likely R,"Oct. 1, 2026",2026-10-02
2026-gov-NH,Inside Elections,Solid R,"Oct. 1, 2026",2026-10-02
2026-gov-NH,Sabato's Crystal Ball,Likely R,"Sep. 29, 2026",2026-10-02
2026-gov-NM,Cook Political Report,Solid D,"Oct. 1, 2026",2026-10-02
2026-gov-NM,Inside Elections,Likely D,"Oct. 1, 2026",2026-10-02
2026-gov-NM,Sabato's Crystal Ball,Safe D,"Sep. 29, 2026",2026-10-02
2026-gov-NY,Cook Political Report,Solid D,"Oct. 1, 2026",2026-10-02
2026-gov-NY,Inside Elections,Likely D,"Oct. 1, 2026",2026-10-02
2026-gov-NY,Sabato's Crystal Ball,Safe D,"Sep. 29, 2026",2026-10-02
2026-gov-OH,Cook Political Report,Tossup,"Oct. 1, 2026",2026-10-02
2026-gov-OH,Inside Elections,Tossup,"Oct. 1, 2026",2026-10-02
2026-gov-OH,Sabato's Crystal Ball,Tossup,"Sep. 29, 2026",2026-10-02
2026-gov-OK,Cook Political Report,Solid R,"Oct. 1, 2026",2026-10-02
2026-gov-OK,Inside Elections,Likely R,"Oct. 1, 2026",2026-10-02
2026-gov-OK,Sabato's Crystal Ball,Safe R,"Sep. 29, 2026",2026-10-02
2026-gov-OR,Cook Political Report,Lean D,"Oct. 1, 2026",2026-10-02
2026-gov-OR,Inside Elections,Lean D,"Oct. 1, 2026",2026-10-02
2026-gov-OR,Sabato's Crystal Ball,Likely D,"Sep. 29, 2026",2026-10-02
2026-gov-PA,Cook Political Report,Solid D,"Oct. 1, 2026",2026-10-02
2026-gov-PA,Inside Elections,Solid D,"Oct. 1, 2026",2026-10-02
2026-gov-PA,Sabato's Crystal Ball,Safe D,"Sep. 29, 2026",2026-10-02
2026-gov-RI,Cook Political Report,Solid D,"Oct. 1, 2026",2026-10-02
2026-gov-RI,Inside Elections,Solid D,"Oct. 1, 2026",2026-10-02
2026-gov-RI,Sabato's Crystal Ball,Safe D,"Sep. 29, 2026",2026-10-02
2026-gov-SC,Cook Political Report,Solid R,"Oct. 1, 2026",2026-10-02
2026-gov-SC,Inside Elections,Solid R,"Oct. 1, 2026",2026-10-02
2026-gov-SC,Sabato's Crystal Ball,Safe R,"Sep. 29, 2026",2026-10-02
2026-gov-SD,Cook Political Report,Solid R,"Oct. 1, 2026",2026-10-02
2026-gov-SD,Inside Elections,Solid R,"Oct. 1, 2026",2026-10-02
2026-gov-SD,Sabato's Crystal Ball,Safe R,"Sep. 29, 2026",2026-10-02
2026-gov-TN,Cook Political Report,Solid R,"Oct. 1, 2026",2026-10-02
2026-gov-TN,Inside Elections,Solid R,"Oct. 1, 2026",2026-10-02
2026-gov-TN,Sabato's Crystal Ball,Safe R,"Sep. 29, 2026",2026-10-02
2026-gov-TX,Cook Political Report,Lean R,"Oct. 1, 2026",2026-10-02
2026-gov-TX,Inside Elections,Likely R,"Oct. 1, 2026",2026-10-02
2026-gov-TX,Sabato's Crystal Ball,Lean R,"Sep. 29, 2026",2026-10-02
2026-gov-VT,Cook Political Report,Solid R,"Oct. 1, 2026",2026-10-02
2026-gov-VT,Inside Elections,Solid R,"Oct. 1, 2026",2026-10-02
2026-gov-VT,Sabato's Crystal Ball,Likely R,"Sep. 29, 2026",2026-10-02
2026-gov-WI,Cook Political Report,Tossup,"Oct. 1, 2026",2026-10-02
2026-gov-WI,Inside Elections,Tossup,"Oct. 1, 2026",2026-10-02
2026-gov-WI,Sabato's Crystal Ball,Lean D,"Sep. 29, 2026",2026-10-02
2026-gov-WY,Cook Political Report,Solid R,"Oct. 1, 2026",2026-10-02
2026-gov-WY,Inside Elections,Solid R,"Oct. 1, 2026",2026-10-02
2026-gov-WY,Sabato's Crystal Ball,Safe R,"Sep. 29, 2026",2026-10-02
